Migrating From,Migration Form (Links)
ABC Fitness Solutions,abcfitness.com
Acuity,acuityscheduling.com
AFS,afsi.com
Amilia,amilia.com
Bookeo,bookeo.com
Booker,booker.com
Book-it,bookitit.com
booksy,booksy.com
Classpass,classpass.com
Club Automation,clubautomation.com
ClubReady / Club Automation,clubready.club
ClubRunner,clubrunner.ca
CowTinker,cowtinker.com
DanceStudio-Pro,dancestudio-pro.com
Dance Works,danceworks.com
EZ Facility,ezfacility.com
fitDEGREE,fitdegree.com
Fitli,fitli.com
FitnessForce,fitnessforce.com
FlexBooker,flexbooker.com
Front Desk,frontdesksuite.com
Timely,gettimely.com
GloFox,glofox.com
Gym Assistant,gymassistant.com
GymMaster,gymmaster.com
Jackrabbit Class,jackrabbitclass.com
Jane,jane.app
Karma Soft,karmasoft.io
Kicksite,kicksite.com
Mariana Tek,marianatek.com
Martialytics,martialytics.com
MassageBook,massagebook.com
MINDBODY,mindbodyonline.com
Membership Integrity System,mis.io
Momence,momence.com
momoyoga,momoyoga.com
FitHive,myfithive.com
MyMusicStaff,mymusicstaff.com
MyStudio,mystudio.io
myVolo,myvolo.com
OneFitStop,onefitstop.com
Pike 13,pike13.com
ProClass,proclass.com
PT Minder,ptminder.com
Punch Pass,punchpass.com
PushPress,pushpress.com
Rainmaker,rainmakerplatform.com
Recess.tv Production,recess.tv
RhinoFit,rhinofit.ca
Sawyer,sawyer.com
Schedule Bliss,schedulebliss.com
Schedule House,schedulehouse.com
Schedulicity,schedulicity.com
Square,squareup.com
StudioBookings,studiobookings.com
Studio Helper,studiohelper.com
Subscribility,subscribility.com
TeacherZone,teacherzone.com
Trainerize,trainerize.com
Training Webinar,trainingindustry.com
TRIIB,triib.com
Tula,tulasoftware.com
Vagaro,vagaro.com
Virtuagym,virtuagym.com
Perfect Mind,xplorrecreation.com
Zen PLanner,zenplanner.com
Zingfit,zingfit.com
Other (Fresha),fresha.com
Other (TeamUp),goteamup.com
Other (Gym Desk),gymdesk.com
Other (Gym Master Online),gymmasteronline.com
Other (Itensity),itensityonline.com
Other (Octiv’s),octivfitness.com
Other (Oncehub),oncehub.com
Other (Opus1.io),opus1.io
Other (Schedulista),schedulista.com
Other (Kilo),usekilo.com
Other (Wellnessliving),wellnessliving.com
Other (WODBoard),wodboard.com
Other (WODHOPPER),wodhopper.com
Other (Wodify),wodify.com
Other (Xplor Recreation),xplorrecreation.com
Other (You Can Book.me),youcanbook.me
Other (Zultimate),zultimate.com
Other (Appointy),appointy.com
Other (Streamfit),streamfit.com
Schedule house,schedulehouse.com
Beyond the white board,beyondthewhiteboard.com
Get fitr training,get.fitr.training
Arketa,arketa.com
Arketa,arketa.co
Mykajabi,mykajabi.com
Bookee,bookee.ai
Hellowalla,hellowalla.com
Visibook,visibook.com
Bookedin,bookedin.com
Hourmine,hourmine.com
Goteamup,goteamup.com
Ovatu,ovatu.com
Sparkmembership,sparkmembership.com
Polestudiomanager,polestudiomanager.com
Wellyx,https://wellyx.com/
Gokenko,https://www.gokenko.com/
